_id,id,name,email,password,types,contact,role
6617c4d296fb1df60617a331,1,Bren Easun,beasun0@craigslist.org,bmb!K,user,505 936 9001,analyst
6617c4d396fb1df60617a332,2,Brody Harrap,bharrap1@blogtalkradio.com,utWZ42,user,749 211 0733,consultant
6617c4d396fb1df60617a333,3,Carole Hollyman,chollyman2@github.io,ig(v,user,321 186 0916,analyst
6617c4d396fb1df60617a334,4,Niall Pursey,npursey3@aol.com,chI.@1,user,253 319 1657,consultant
6617c4d396fb1df60617a335,5,Geoffrey Monument,gmonument4@youtube.com,fa_2r,user,789 530 5499,data engineer
6617c4d396fb1df60617a336,6,Filmore Laverenz,flaverenz5@guardian.co.uk,em//#J,user,641 945 9242,analyst
6617c4d396fb1df60617a337,7,Feodora Ossenna,fossenna6@shareasale.com,tt_QC,user,162 138 9030,data engineer
6617c4d396fb1df60617a338,8,Dorthy Marlow,dmarlow7@wikispaces.com,rmkO,user,702 926 6277,architect
6617c4d396fb1df60617a339,9,Cathrin Reinhardt,creinhardt8@mapquest.com,ie1,user,129 171 4780,consultant
6617c4d396fb1df60617a33a,10,Tuesday Hartington,thartington9@miitbeian.gov.cn,xvb?,admin,105 423 0903,data engineer
6617c4d396fb1df60617a33b,11,Mose Clutterham,mclutterhama@elegantthemes.com,"rcN""f",user,928 802 1662,consultant
6617c4d396fb1df60617a33c,12,Rice Giraths,rgirathsb@addthis.com,wokMu,user,864 356 2584,software engineer
6617c4d396fb1df60617a33d,13,Ansley Petras,apetrasc@usa.gov,imJ,user,824 768 6681,data engineer
6617c4d396fb1df60617a33e,14,April Pechard,apechardd@friendfeed.com,"tuxz""K",user,382 958 9297,intern
6617c4d396fb1df60617a33f,15,Sallee Brown,sbrowne@nymag.com,"es11G,",user,354 823 5201,intern
6617c4d396fb1df60617a340,16,Esta Dunthorne,edunthornef@issuu.com,ghKs,user,540 890 0352,data engineer
6617c4d396fb1df60617a341,17,Lara Cain,lcaing@geocities.jp,dxI~@),user,802 379 5920,data engineer
6617c4d396fb1df60617a342,18,Astrix Snaith,asnaithh@ted.com,abSLs,user,814 778 5931,enabler
6617c4d396fb1df60617a343,19,Grannie Coe,gcoei@studiopress.com,ys}e,user,218 692 2730,enabler
6617c4d396fb1df60617a344,20,Concettina Ortzen,cortzenj@loc.gov,ja@,user,689 791 0986,software engineer
6617c4d396fb1df60617a345,21,Derry Corney,dcorneyk@cdbaby.com,qkUte,user,272 350 3444,software engineer
6617c4d396fb1df60617a346,22,Arabele Sneyd,asneydl@hao123.com,aoy8,user,768 158 9078,data engineer
6617c4d496fb1df60617a347,23,Neal Edgeson,nedgesonm@unicef.org,xt~,user,170 649 3707,consultant
6617c4d496fb1df60617a348,24,Israel O'Hanlon,iohanlonn@pcworld.com,knACDH,user,678 917 2657,software engineer
6617c4d496fb1df60617a349,25,Rickey McSorley,rmcsorleyo@addthis.com,uh$oUt,user,872 822 3052,data engineer
6617c4d496fb1df60617a34a,26,Locke Jikovsky,ljikovskyp@linkedin.com,ruK,user,929 428 9256,data engineer
6617c4d496fb1df60617a34b,27,Batsheva Peter,bpeterq@mail.ru,jojra,user,863 498 1652,data engineer
6617c4d496fb1df60617a34c,28,Howie Biggs,hbiggsr@phoca.cz,mmi,user,878 426 3426,analyst
6617c4d496fb1df60617a34d,29,Aviva Ulyet,aulyets@china.com.cn,bd~7R,user,588 122 4959,software engineer
6617c4d496fb1df60617a34e,30,Marcia Tinniswood,mtinniswoodt@fema.gov,"ql%""~",user,179 330 7048,consultant
6617c4d496fb1df60617a34f,31,Pepita Buntine,pbuntineu@google.cn,plj,user,261 833 0583,intern
6617c4d496fb1df60617a350,32,Burg Bossom,bbossomv@slashdot.org,bkd,user,650 838 4635,architect
6617c4d496fb1df60617a351,33,Marlon Pilmore,mpilmorew@google.de,apSR,user,203 104 2967,architect
6617c4d496fb1df60617a352,34,Robbyn Erickssen,rerickssenx@discuz.net,yto7,user,103 466 3843,consultant
6617c4d496fb1df60617a353,35,Lillian Paviour,lpavioury@digg.com,oz5e,user,335 418 3523,software engineer
6617c4d496fb1df60617a354,36,Monica Bortolozzi,mbortolozziz@51.la,peLK&|,user,223 585 3323,consultant
6617c4d496fb1df60617a355,37,Oliy Fisbey,ofisbey10@independent.co.uk,yfC>,user,388 563 8978,architect
6617c4d496fb1df60617a356,38,Lamond Cribbott,lcribbott11@patch.com,ofaGc,user,660 240 0232,consultant
6617c4d496fb1df60617a357,39,Gare Juanico,gjuanico12@aboutads.info,ti_,user,966 612 5258,data engineer
6617c4d496fb1df60617a358,40,Bunni Goodluck,bgoodluck13@seattletimes.com,qfkg~7,user,353 792 9289,architect
6617c4d496fb1df60617a359,41,Lauree De Mico,lde14@freewebs.com,wi$,user,536 876 3785,intern
6617c4d496fb1df60617a35a,42,Cozmo Miranda,cmiranda15@ucla.edu,"ue""BJi",user,274 429 8968,software engineer
6617c4d496fb1df60617a35b,43,Kelbee Copestake,kcopestake16@quantcast.com,rqhb,user,457 282 7095,enabler
6617c4d496fb1df60617a35c,44,Alley Houldin,ahouldin17@reference.com,zhH,user,939 360 7996,intern
6617c4d496fb1df60617a35d,45,Morly Barks,mbarks18@jalbum.net,ctmph7,user,255 227 9897,architect
6617c4d496fb1df60617a35e,46,Rogerio Petchell,rpetchell19@163.com,awJ,user,123 159 9793,architect
6617c4d496fb1df60617a35f,47,Tiebold Morrell,tmorrell1a@cam.ac.uk,hr'd,user,220 448 8942,enabler
6617c4d496fb1df60617a360,48,Ettore Ipplett,eipplett1b@acquirethisname.com,hj/,user,922 961 8657,enabler
6617c4d496fb1df60617a361,49,Reggi Bartolomeu,rbartolomeu1c@1und1.de,tlv0,user,194 315 4499,data engineer
6617c4d496fb1df60617a362,50,Brady Folomin,bfolomin1d@weibo.com,jdi,user,935 742 6987,data engineer
6617c4d496fb1df60617a363,51,Tommie Sauter,tsauter1e@nbcnews.com,ndK1<,user,237 562 6099,analyst
6617c4d496fb1df60617a364,52,Caitlin Phalp,cphalp1f@businessweek.com,lo`/2,user,768 490 6908,architect
6617c4d496fb1df60617a365,53,Fowler Heintze,fheintze1g@ucsd.edu,hn{_,user,351 126 7229,architect
6617c4d596fb1df60617a366,54,Letty Sambell,lsambell1h@harvard.edu,kic,user,754 413 9834,consultant
6617c4d596fb1df60617a367,55,Harmonia Lassetter,hlassetter1i@fotki.com,jx!c!,user,861 473 3222,data engineer
6617c4d596fb1df60617a368,56,Lian Alexandrescu,lalexandrescu1j@webmd.com,rmOZb,user,576 817 2014,enabler
6617c4d596fb1df60617a369,57,Ave Ludgate,aludgate1k@posterous.com,redp1%,user,681 354 4083,intern
6617c4d596fb1df60617a36a,58,Ruthann Britto,rbritto1l@a8.net,rg!m,user,647 975 3022,architect
6617c4d596fb1df60617a36b,59,Ker Sinkin,ksinkin1m@spiegel.de,gz{LRV,user,450 856 3148,enabler
6617c4d596fb1df60617a36c,60,Carla Abramino,cabramino1n@godaddy.com,ut{_Z,admin,909 648 6498,software engineer
6617c4d596fb1df60617a36d,61,Basia Sheldon,bsheldon1o@cnn.com,jqrI,user,103 847 3854,architect
6617c4d596fb1df60617a36e,62,Bellanca Blues,bblues1p@plala.or.jp,hr+a~,user,735 194 8216,consultant
6617c4d596fb1df60617a36f,63,Lorrin Cartwight,lcartwight1q@dagondesign.com,qzY,user,865 812 3516,consultant
6617c4d596fb1df60617a370,64,Cam Hamshar,chamshar1r@latimes.com,"ht""4Ko",user,907 860 5987,analyst
6617c4d596fb1df60617a371,65,Gualterio Castella,gcastella1s@mozilla.org,bfDY3,user,493 391 4891,analyst
6617c4d596fb1df60617a372,66,Sherilyn Darwood,sdarwood1t@nature.com,bcb,user,242 506 5128,data engineer
6617c4d596fb1df60617a373,67,Arabel Kirsop,akirsop1u@so-net.ne.jp,sw/N,user,177 194 6922,data engineer
6617c4d596fb1df60617a374,68,Frants Holgan,fholgan1v@va.gov,xc62_,user,234 687 0284,consultant
6617c4d596fb1df60617a375,69,Gavrielle Parradine,gparradine1w@imgur.com,gxqC,user,316 656 9194,architect
6617c4d596fb1df60617a376,70,Fulvia Newcom,fnewcom1x@nymag.com,ap&,user,327 852 2429,software engineer
6617c4d596fb1df60617a377,71,Weidar Peddel,wpeddel1y@de.vu,ejDR,user,307 445 1689,consultant
6617c4d596fb1df60617a378,72,Jodie Aldwich,jaldwich1z@4shared.com,ukf@,user,754 665 1743,data engineer
6617c4d596fb1df60617a379,73,Mortie Huntar,mhuntar20@purevolume.com,duRoc,user,447 815 2002,enabler
6617c4d596fb1df60617a37a,74,Lucio McGruar,lmcgruar21@w3.org,vq=B,user,883 457 0438,intern
6617c4d596fb1df60617a37b,75,Kristo Stanistrete,kstanistrete22@walmart.com,ck+%,user,779 962 8285,enabler
6617c4d596fb1df60617a37c,76,Wang Haker,whaker23@webs.com,ovK,user,432 738 6364,architect
6617c4d596fb1df60617a37d,77,Tom Creebo,tcreebo24@discovery.com,bqL,user,781 433 7368,data engineer
6617c4d596fb1df60617a37e,78,Geri Dunster,gdunster25@quantcast.com,erux,user,503 144 8030,software engineer
6617c4d596fb1df60617a37f,79,Yank Leppingwell,yleppingwell26@answers.com,ea`n?,user,813 383 7898,enabler
6617c4d596fb1df60617a380,80,Georgianna Restill,grestill27@reuters.com,zc),user,190 957 7420,enabler
6617c4d596fb1df60617a381,81,Sanders Domerq,sdomerq28@home.pl,ib4,admin,298 464 7106,analyst
6617c4d596fb1df60617a382,82,Meaghan Gligoraci,mgligoraci29@uiuc.edu,ceS5Iq,user,959 172 8621,intern
6617c4d596fb1df60617a383,83,Lauritz Runchman,lrunchman2a@mediafire.com,wbIPI,user,921 237 8202,analyst
6617c4d596fb1df60617a384,84,Any Hook,ahook2b@nyu.edu,npwh,user,260 146 9485,data engineer
6617c4d696fb1df60617a385,85,Alisa Craze,acraze2c@nymag.com,zewK,user,635 200 3748,data engineer
6617c4d696fb1df60617a386,86,Rebekah Labell,rlabell2d@cdc.gov,qj4Y,user,539 595 4197,data engineer
6617c4d696fb1df60617a387,87,Andreana Colomb,acolomb2e@taobao.com,hfT,user,380 545 6932,intern
6617c4d696fb1df60617a388,88,Tam Claybourne,tclaybourne2f@posterous.com,lpS5+,user,231 538 1774,enabler
6617c4d696fb1df60617a389,89,Desiri Clapson,dclapson2g@google.cn,mfzUX,user,147 899 2924,architect
6617c4d696fb1df60617a38a,90,Maximilian Rossoni,mrossoni2h@storify.com,gh7,user,734 217 0966,software engineer
6617c4d696fb1df60617a38b,91,Zena Kaaskooper,zkaaskooper2i@bloomberg.com,ze32a_,user,851 983 5743,intern
6617c4d696fb1df60617a38c,92,Jimmie Masic,jmasic2j@webs.com,rp46ra,user,279 440 0664,architect
6617c4d696fb1df60617a38d,93,Feodora Braysher,fbraysher2k@adobe.com,tir,user,114 832 0154,data engineer
6617c4d696fb1df60617a38e,94,Marti Savoury,msavoury2l@yahoo.co.jp,tm=AL,user,125 125 2340,data engineer
6617c4d696fb1df60617a38f,95,Grayce Skin,gskin2m@unblog.fr,hd0',user,547 450 0992,enabler
6617c4d696fb1df60617a390,96,Griffie Tourne,gtourne2n@goo.gl,lk5,user,317 861 4224,data engineer
6617c4d696fb1df60617a391,97,Chester Praundl,cpraundl2o@icq.com,heQtk_,user,871 449 1097,intern
6617c4d696fb1df60617a392,98,Bram Jaskowicz,bjaskowicz2p@scientificamerican.com,rvGxyP,user,758 982 2299,intern
6617c4d696fb1df60617a393,99,Eada Benoit,ebenoit2q@statcounter.com,ji?pr,user,312 592 0868,architect
6617c4d696fb1df60617a394,100,Marie Tatnell,mtatnell2r@woothemes.com,jyi)/,user,870 409 7310,analyst
6617c4d696fb1df60617a395,101,Ricard Gallie,rgallie2s@unesco.org,rk`,user,194 787 3247,consultant
6617c4d696fb1df60617a396,102,Guillaume McFaul,gmcfaul2t@ow.ly,it%,user,594 592 7386,enabler
6617c4d696fb1df60617a397,103,Malissia Swayland,mswayland2u@drupal.org,lgYsYK,user,455 940 6267,architect
6617c4d696fb1df60617a398,104,Margy Mackin,mmackin2v@washington.edu,uez'B,admin,975 315 4854,architect
6617c4d696fb1df60617a399,105,Jason Welsby,jwelsby2w@psu.edu,dge,admin,869 135 5890,consultant
6617c4d696fb1df60617a39a,106,Alyson Molesworth,amolesworth2x@bing.com,jxZUo<,user,359 221 7720,architect
6617c4d696fb1df60617a39b,107,Ivette Hinks,ihinks2y@vistaprint.com,bz29,user,473 742 9542,software engineer
6617c4d696fb1df60617a39c,108,Jobyna Hyne,jhyne2z@dyndns.org,pq_!/v,user,648 272 2597,enabler
6617c4d696fb1df60617a39d,109,Marjory Mullis,mmullis30@globo.com,ktXf,user,652 687 1661,intern
6617c4d696fb1df60617a39e,110,Auberta Stelfax,astelfax31@cisco.com,beLvN4,user,718 981 8609,analyst
6617c4d696fb1df60617a39f,111,Winfield Jagoe,wjagoe32@time.com,fdF,user,189 708 8193,architect
6617c4d696fb1df60617a3a0,112,Stafford Morillas,smorillas33@hubpages.com,yaz,user,650 622 1298,architect
6617c4d696fb1df60617a3a1,113,Cyrus Vardon,cvardon34@yellowpages.com,tnE~yI,user,477 557 4492,intern
6617c4d696fb1df60617a3a2,114,Izaak Renoden,irenoden35@webnode.com,vn},user,246 517 6749,data engineer
6617c4d696fb1df60617a3a3,115,Gretel Juppe,gjuppe36@netvibes.com,pfSj,user,804 307 2517,architect
6617c4d796fb1df60617a3a4,116,Tim Still,tstill37@miitbeian.gov.cn,vm0n,user,834 713 4959,software engineer
6617c4d796fb1df60617a3a5,117,Carlin Paulillo,cpaulillo38@netvibes.com,ljJG,user,971 979 6707,enabler
6617c4d796fb1df60617a3a6,118,Aurie McLernon,amclernon39@wordpress.com,trn)+,user,844 102 4788,software engineer
6617c4d796fb1df60617a3a7,119,Enoch Foynes,efoynes3a@spotify.com,rtz9P#,user,346 571 1711,data engineer
6617c4d796fb1df60617a3a8,120,Nadine Khristoforov,nkhristoforov3b@geocities.com,odK2%,user,969 474 6228,intern
6617c4d796fb1df60617a3a9,121,Lizzy Cawthorne,lcawthorne3c@desdev.cn,sdJJ,user,289 635 1384,architect
6617c4d796fb1df60617a3aa,122,Corbett Sage,csage3d@slate.com,yqz'7u,user,699 532 0065,consultant
6617c4d796fb1df60617a3ab,123,Lucius Morando,lmorando3e@nationalgeographic.com,dew,user,744 965 2107,software engineer
6617c4d796fb1df60617a3ac,124,Philippe Furlong,pfurlong3f@free.fr,ydIs,user,696 981 8175,enabler
6617c4d796fb1df60617a3ad,125,Thebault Moan,tmoan3g@soundcloud.com,yl!',user,850 367 3472,data engineer
6617c4d796fb1df60617a3ae,126,Suki Maunsell,smaunsell3h@dmoz.org,ks>{,user,897 352 2247,consultant
6617c4d796fb1df60617a3af,127,Alexina Pasquale,apasquale3i@wix.com,xjTTn,user,229 935 5200,analyst
6617c4d796fb1df60617a3b0,128,Bambie Stubbes,bstubbes3j@va.gov,go`1U,user,515 445 4185,analyst
6617c4d796fb1df60617a3b1,129,Theresa Adamiec,tadamiec3k@census.gov,koBS=U,user,804 256 7487,analyst
6617c4d796fb1df60617a3b2,130,Ericka Porteous,eporteous3l@mediafire.com,dt_,user,726 645 8691,intern
6617c4d796fb1df60617a3b3,131,Keven Facchini,kfacchini3m@fema.gov,vjRd,user,104 694 6063,intern
6617c4d796fb1df60617a3b4,132,Claus Hierro,chierro3n@nydailynews.com,nr*J\,user,606 683 5756,enabler
6617c4d796fb1df60617a3b5,133,Lianne Lown,llown3o@imgur.com,sfiX,user,559 310 1834,enabler
6617c4d796fb1df60617a3b6,134,Darcy Endricci,dendricci3p@netscape.com,vmG,user,838 126 7701,data engineer
6617c4d796fb1df60617a3b7,135,Richmound Whiteford,rwhiteford3q@census.gov,od.E1/,user,447 956 4741,enabler
6617c4d796fb1df60617a3b8,136,Collen Trevaskiss,ctrevaskiss3r@bloglovin.com,vh3/g(,user,270 498 8608,consultant
6617c4d796fb1df60617a3b9,137,Boony Josh,bjosh3s@blogspot.com,qdn#+,user,751 562 3005,software engineer
6617c4d796fb1df60617a3ba,138,Marie-jeanne Dowty,mdowty3t@desdev.cn,ey!g,user,568 731 2088,intern
6617c4d796fb1df60617a3bb,139,Romola Gwyther,rgwyther3u@macromedia.com,novB0,user,564 427 1822,software engineer
6617c4d796fb1df60617a3bc,140,Melodie Berkely,mberkely3v@twitpic.com,nwhn,user,764 522 6763,architect
6617c4d796fb1df60617a3bd,141,Piggy Dayne,pdayne3w@earthlink.net,vl4,user,598 516 3128,software engineer
6617c4d796fb1df60617a3be,142,Grant Label,glabel3x@cam.ac.uk,ufm,user,445 900 0535,analyst
6617c4d796fb1df60617a3bf,143,Fanya Peasgood,fpeasgood3y@unc.edu,fktveb,user,328 461 9303,consultant
6617c4d796fb1df60617a3c0,144,Ester Link,elink3z@merriam-webster.com,"oe""<",user,515 244 6241,intern
6617c4d796fb1df60617a3c1,145,Adrienne McKune,amckune40@eventbrite.com,pudZ4,user,996 817 7544,architect
6617c4d796fb1df60617a3c2,146,Katha Buckell,kbuckell41@yahoo.com,bn%1J,user,464 593 2599,consultant
6617c4d896fb1df60617a3c3,147,Hermine Friedlos,hfriedlos42@kickstarter.com,lgjS3,user,963 851 5681,intern
6617c4d896fb1df60617a3c4,148,Brian Colaco,bcolaco43@typepad.com,ggX4},user,826 717 7609,software engineer
6617c4d896fb1df60617a3c5,149,Stormie Josifovitz,sjosifovitz44@ucsd.edu,mroI*x,user,151 231 7971,enabler
6617c4d896fb1df60617a3c6,150,Sharl Hassekl,shassekl45@earthlink.net,dlTY,user,398 526 2054,intern
6617c4d896fb1df60617a3c7,151,Evvy Decroix,edecroix46@nbcnews.com,"lr""_",user,311 903 5504,analyst
6617c4d896fb1df60617a3c8,152,Joell Estcot,jestcot47@slate.com,bi0I,user,502 430 7329,data engineer
6617c4d896fb1df60617a3c9,153,Robina Corten,rcorten48@jigsy.com,cl1=BE,user,727 970 6159,intern
6617c4d896fb1df60617a3ca,154,Adelind Hickisson,ahickisson49@ameblo.jp,bg>/(&,user,656 504 8711,intern
6617c4d896fb1df60617a3cb,155,Padgett Took,ptook4a@homestead.com,vu~,user,702 213 6662,intern
6617c4d896fb1df60617a3cc,156,Jeromy Radke,jradke4b@alibaba.com,yi(,user,489 776 1764,enabler
6617c4d896fb1df60617a3cd,157,Annie Gorwood,agorwood4c@cbsnews.com,vyI8a),user,108 583 0795,enabler
6617c4d896fb1df60617a3ce,158,Eva Satchel,esatchel4d@webnode.com,xc9<N,user,553 282 4403,intern
6617c4d896fb1df60617a3cf,159,Euphemia Andrivot,eandrivot4e@salon.com,av<!9',user,471 719 1471,consultant
6617c4d896fb1df60617a3d0,160,Trix Bullivant,tbullivant4f@mapquest.com,zd}oG,user,649 952 6573,architect
6617c4d896fb1df60617a3d1,161,Sheila Dillinton,sdillinton4g@blogspot.com,ldwUL,user,118 274 6438,enabler
6617c4d896fb1df60617a3d2,162,Morlee Dunstan,mdunstan4h@wp.com,os9)!$,user,286 868 1420,intern
6617c4d896fb1df60617a3d3,163,Tod Coventry,tcoventry4i@princeton.edu,pvrr6,user,112 137 6429,architect
6617c4d896fb1df60617a3d4,164,Tann Scholefield,tscholefield4j@freewebs.com,zg3=du,user,290 890 8058,enabler
6617c4d896fb1df60617a3d5,165,Candie Phelip,cphelip4k@jiathis.com,myd,user,239 978 1699,consultant
6617c4d896fb1df60617a3d6,166,Honoria Breese,hbreese4l@scribd.com,cyc,user,671 653 0650,consultant
6617c4d896fb1df60617a3d7,167,Whitney Gourlay,wgourlay4m@illinois.edu,ngq<=,user,247 777 2059,data engineer
6617c4d896fb1df60617a3d8,168,Jud Favela,jfavela4n@noaa.gov,ux!N,user,541 805 5555,software engineer
6617c4d896fb1df60617a3d9,169,Dale Boughen,dboughen4o@uiuc.edu,ybp,user,707 469 8305,analyst
6617c4d896fb1df60617a3da,170,Albertine Sautter,asautter4p@so-net.ne.jp,oe$pZ*,user,407 243 7935,intern
6617c4d896fb1df60617a3db,171,Curt Sollitt,csollitt4q@nasa.gov,"iaa,r",user,142 775 1469,architect
6617c4d896fb1df60617a3dc,172,Dame Ellen,dellen4r@technorati.com,ny!,user,615 558 4840,intern
6617c4d896fb1df60617a3dd,173,Alexi Duchasteau,aduchasteau4s@yandex.ru,iq!D,admin,420 756 1033,architect
6617c4d896fb1df60617a3de,174,Nataniel Scroyton,nscroyton4t@jalbum.net,hsf3lW,user,728 466 2414,software engineer
6617c4d896fb1df60617a3df,175,Mari Welldrake,mwelldrake4u@vistaprint.com,fl4#TN,user,406 894 5457,analyst
6617c4d896fb1df60617a3e0,176,Kristofer McCamish,kmccamish4v@google.fr,hzT=v9,user,287 584 5249,consultant
6617c4d896fb1df60617a3e1,177,Norman Pickston,npickston4w@aol.com,ye5,user,954 820 4795,architect
6617c4d996fb1df60617a3e2,178,Clayborn Dabner,cdabner4x@elpais.com,ngOQ,user,483 312 4725,analyst
6617c4d996fb1df60617a3e3,179,Neron Capron,ncapron4y@simplemachines.org,gc7qJ,user,173 298 7443,intern
6617c4d996fb1df60617a3e4,180,Angelika Gustus,agustus4z@so-net.ne.jp,fiWDC,user,244 846 5895,software engineer
6617c4d996fb1df60617a3e5,181,Siusan Huskinson,shuskinson50@soup.io,xcU!,user,226 472 1385,analyst
6617c4d996fb1df60617a3e6,182,Brit Danelutti,bdanelutti51@vimeo.com,xhN},user,110 413 4970,data engineer
6617c4d996fb1df60617a3e7,183,Michail Thorn,mthorn52@slashdot.org,dz\,user,216 896 7318,software engineer
6617c4d996fb1df60617a3e8,184,Newton Brinkman,nbrinkman53@paypal.com,ktmL,user,771 989 3266,software engineer
6617c4d996fb1df60617a3e9,185,Biron Seymer,bseymer54@imgur.com,paB,user,304 383 3220,software engineer
6617c4d996fb1df60617a3ea,186,Faunie Parradice,fparradice55@wikispaces.com,ryQv4#,user,683 655 3535,architect
6617c4d996fb1df60617a3eb,187,Sayer Izkoveski,sizkoveski56@comcast.net,fb#,user,722 798 3410,software engineer
6617c4d996fb1df60617a3ec,188,Talyah Cargill,tcargill57@phpbb.com,qgN,user,880 132 7499,analyst
6617c4d996fb1df60617a3ed,189,Boris Brownbill,bbrownbill58@cnet.com,yc5aIr,user,554 749 1661,analyst
6617c4d996fb1df60617a3ee,190,Kessiah Hradsky,khradsky59@army.mil,bgd,user,262 661 9519,software engineer
6617c4d996fb1df60617a3ef,191,Scott Ritchie,sritchie5a@1688.com,eib,user,478 370 5376,architect
6617c4d996fb1df60617a3f0,192,Ursulina Siburn,usiburn5b@prweb.com,gz>kB,user,307 839 5193,software engineer
6617c4d996fb1df60617a3f1,193,Teodoro Maffetti,tmaffetti5c@wufoo.com,cnE,user,474 713 3734,analyst
6617c4d996fb1df60617a3f2,194,Cherie Zeal,czeal5d@mozilla.org,snCEO$,user,190 578 0890,data engineer
6617c4d996fb1df60617a3f3,195,Catherin Rielly,crielly5e@archive.org,pe#Q,user,700 203 3423,software engineer
6617c4d996fb1df60617a3f4,196,Monti Roust,mroust5f@netvibes.com,dg3D,user,284 477 5464,analyst
6617c4d996fb1df60617a3f5,197,Bernardina Likely,blikely5g@wiley.com,vt{,user,743 551 2004,analyst
6617c4d996fb1df60617a3f6,198,Hallie Shellum,hshellum5h@va.gov,"lrHk,d",user,727 417 2399,enabler
6617c4d996fb1df60617a3f7,199,Lamont Gronaller,lgronaller5i@kickstarter.com,ivD/uJ,user,291 297 7738,analyst
6617c4d996fb1df60617a3f8,200,Livvyy Ingerith,lingerith5j@ftc.gov,yk7rU,user,726 118 0846,consultant
6617c4d996fb1df60617a3f9,201,Charmion Patriskson,cpatriskson5k@umn.edu,jd8,user,667 899 7285,intern
6617c4d996fb1df60617a3fa,202,L;urette Cleyburn,lcleyburn5l@adobe.com,dh*,user,793 168 3276,data engineer
6617c4d996fb1df60617a3fb,203,Alfonso Loachhead,aloachhead5m@biglobe.ne.jp,eyT,user,622 626 2011,consultant
6617c4d996fb1df60617a3fc,204,Tasia Gaiger,tgaiger5n@tinyurl.com,zi!R,user,513 850 8725,architect
6617c4d996fb1df60617a3fd,205,Dyane Ferraraccio,dferraraccio5o@wired.com,stnH,user,128 925 8133,consultant
6617c4d996fb1df60617a3fe,206,Saba Geraudel,sgeraudel5p@aboutads.info,nw(K\e,user,963 724 8146,architect
6617c4d996fb1df60617a3ff,207,Tedmund Wadhams,twadhams5q@jalbum.net,bj$k,user,359 875 7627,intern
6617c4d996fb1df60617a400,208,Munroe Wyleman,mwyleman5r@163.com,xtRkgM,user,997 236 5422,architect
6617c4d996fb1df60617a401,209,Brandie Beiderbecke,bbeiderbecke5s@ning.com,egTs,user,372 969 4130,intern
6617c4da96fb1df60617a402,210,Barney Hawthorn,bhawthorn5t@behance.net,zh<iM,user,648 461 4769,enabler
6617c4da96fb1df60617a403,211,Maxine Rhoades,mrhoades5u@oaic.gov.au,ekW}+6,user,585 276 7902,data engineer
6617c4da96fb1df60617a404,212,Micky Greed,mgreed5v@mlb.com,nahyy,user,777 636 0095,architect
6617c4da96fb1df60617a405,213,Zorana Martynov,zmartynov5w@thetimes.co.uk,"idA`,",user,149 167 4211,consultant
6617c4da96fb1df60617a406,214,Nalani Novello,nnovello5x@sogou.com,ob/zb,user,372 354 0251,software engineer
6617c4da96fb1df60617a407,215,Dore Berks,dberks5y@omniture.com,zoh>>n,user,786 409 0694,analyst
6617c4da96fb1df60617a408,216,Marietta Clows,mclows5z@spotify.com,tb2,user,232 535 4043,software engineer
6617c4da96fb1df60617a409,217,Ardith Adnam,aadnam60@skype.com,udD,user,216 783 7552,data engineer
6617c4da96fb1df60617a40a,218,Addison Williamson,awilliamson61@reddit.com,qaqLc_,user,790 445 1984,architect
6617c4da96fb1df60617a40b,219,Allianora Roggerone,aroggerone62@yellowbook.com,ncTo,admin,860 553 0189,data engineer
6617c4da96fb1df60617a40c,220,Dahlia Battista,dbattista63@gravatar.com,wu)&M0,user,486 812 0887,analyst
6617c4da96fb1df60617a40d,221,Holt Northfield,hnorthfield64@house.gov,vddnJ2,user,381 841 3669,software engineer
6617c4da96fb1df60617a40e,222,Brannon Froude,bfroude65@youtube.com,jc7~.W,user,170 395 4991,enabler
6617c4da96fb1df60617a40f,223,Anneliese Tait,atait66@newyorker.com,wy$=E,user,488 874 1942,architect
6617c4da96fb1df60617a410,224,Hyacinth Leyre,hleyre67@soundcloud.com,shT_t,user,818 592 2498,intern
6617c4da96fb1df60617a411,225,Delmore Hilldrup,dhilldrup68@msn.com,ja}_,user,984 543 9551,analyst
6617c4da96fb1df60617a412,226,Muriel Lockhead,mlockhead69@sbwire.com,lmRyN_,user,817 107 3609,consultant
6617c4da96fb1df60617a413,227,Barbe Brabbs,bbrabbs6a@google.it,udH8,user,329 294 7070,consultant
6617c4da96fb1df60617a414,228,Regine Wythe,rwythe6b@netvibes.com,ddL&,user,431 172 4931,consultant
6617c4da96fb1df60617a415,229,Christophe Edsall,cedsall6c@mapy.cz,kxQ,user,904 220 8173,intern
6617c4da96fb1df60617a416,230,Selinda Rayworth,srayworth6d@ning.com,jvD8L,user,617 812 2838,data engineer
6617c4da96fb1df60617a417,231,Rudyard Simoneton,rsimoneton6e@usa.gov,tdp,user,288 461 6984,enabler
6617c4da96fb1df60617a418,232,Bjorn Daintier,bdaintier6f@tuttocitta.it,wn@a,user,142 418 9199,software engineer
6617c4da96fb1df60617a419,233,Dougie Clewlowe,dclewlowe6g@addthis.com,myD,user,470 308 6399,architect
6617c4da96fb1df60617a41a,234,Bennie Bottell,bbottell6h@godaddy.com,np#j_o,user,714 718 8702,data engineer
6617c4da96fb1df60617a41b,235,Adamo Karoly,akaroly6i@qq.com,oyW6z,user,493 208 7692,software engineer
6617c4da96fb1df60617a41c,236,Standford Spurdle,sspurdle6j@rakuten.co.jp,gpx}~,user,172 145 9666,enabler
6617c4da96fb1df60617a41d,237,Rolf Wraight,rwraight6k@theatlantic.com,nhh79,user,431 674 9182,architect
6617c4da96fb1df60617a41e,238,Reinaldos Coots,rcoots6l@symantec.com,"fp,",user,965 536 3319,data engineer
6617c4da96fb1df60617a41f,239,Wood Dunsford,wdunsford6m@vistaprint.com,nfx8KF,user,143 440 7856,analyst
6617c4db96fb1df60617a420,240,Llywellyn Fossick,lfossick6n@scientificamerican.com,wod%`,user,450 591 5581,architect
6617c4db96fb1df60617a421,241,Carley MacFadin,cmacfadin6o@arizona.edu,tmJ=,user,308 352 4341,analyst
6617c4db96fb1df60617a422,242,Gard Darbon,gdarbon6p@hugedomains.com,des,user,643 473 7636,data engineer
6617c4db96fb1df60617a423,243,Obie Giottoi,ogiottoi6q@usgs.gov,mxwBy,user,469 629 8984,enabler
6617c4db96fb1df60617a424,244,Kym Peirpoint,kpeirpoint6r@google.co.uk,rs7@H,user,736 285 0397,consultant
6617c4db96fb1df60617a425,245,Mitzi Hercock,mhercock6s@linkedin.com,twd,user,301 703 6523,consultant
6617c4db96fb1df60617a426,246,Felix Fenix,ffenix6t@usda.gov,lx?>Y,user,545 440 4520,architect
6617c4db96fb1df60617a427,247,Luci MacDuffie,lmacduffie6u@dell.com,qe06,user,669 408 1727,data engineer
6617c4db96fb1df60617a428,248,Marlie Sollime,msollime6v@utexas.edu,fqok2,user,343 530 8543,intern
6617c4db96fb1df60617a429,249,Culley Kibbee,ckibbee6w@issuu.com,ky+,user,689 320 0543,data engineer
6617c4db96fb1df60617a42a,250,Lola Ravenshaw,lravenshaw6x@sbwire.com,qa',user,291 867 9965,enabler
6617c4db96fb1df60617a42b,251,Vikki Woodland,vwoodland6y@unc.edu,pjd,user,384 851 1185,data engineer
6617c4db96fb1df60617a42c,252,Jdavie Beche,jbeche6z@acquirethisname.com,doqf0,user,861 949 2055,analyst
6617c4db96fb1df60617a42d,253,Ralph Hursey,rhursey70@woothemes.com,jz&O~,user,225 289 1484,software engineer
6617c4db96fb1df60617a42e,254,Pavlov Cubin,pcubin71@histats.com,wgl=2l,user,208 834 4879,intern
6617c4db96fb1df60617a42f,255,Darda Piquard,dpiquard72@xinhuanet.com,pdv,user,979 145 8445,data engineer
6617c4db96fb1df60617a430,256,Retha Matis,rmatis73@phpbb.com,iq=,user,479 548 9766,architect
6617c4db96fb1df60617a431,257,Kahlil Bezant,kbezant74@diigo.com,ucX>xQ,admin,647 803 7224,analyst
6617c4db96fb1df60617a432,258,Orella Mudie,omudie75@usnews.com,itq7T,user,301 733 2675,architect
6617c4db96fb1df60617a433,259,Heloise Stobbie,hstobbie76@comcast.net,ddR1g/,user,704 188 0975,intern
6617c4db96fb1df60617a434,260,Gareth Jakucewicz,gjakucewicz77@mapquest.com,js4H/m,user,818 621 3877,architect
6617c4db96fb1df60617a435,261,Arlina Avesque,aavesque78@wisc.edu,gkWNL,user,410 445 0448,consultant
6617c4db96fb1df60617a436,262,Dame Sturge,dsturge79@i2i.jp,ziRQ,user,146 341 0550,software engineer
6617c4dc96fb1df60617a437,263,Gerti Rushforth,grushforth7a@youtube.com,ob~,user,776 757 9047,enabler
6617c4dc96fb1df60617a438,264,Stu Ayerst,sayerst7b@icq.com,dldw,user,280 810 3780,analyst
6617c4dc96fb1df60617a439,265,Allsun MacIlurick,amacilurick7c@tamu.edu,wdu},user,682 558 5293,software engineer
6617c4dc96fb1df60617a43a,266,Cori Peaden,cpeaden7d@mac.com,ptST,user,155 294 4912,enabler
6617c4dc96fb1df60617a43b,267,Jecho Ascraft,jascraft7e@reverbnation.com,px6?@g,admin,377 773 4655,analyst
6617c4dc96fb1df60617a43c,268,Kermy Cream,kcream7f@dot.gov,srUe(,user,138 436 7760,architect
6617c4dc96fb1df60617a43d,269,Mauricio Fawlks,mfawlks7g@bigcartel.com,xy=,user,559 750 8930,data engineer
6617c4dc96fb1df60617a43e,270,Leanora Baress,lbaress7h@networksolutions.com,lt=G,user,291 140 6982,enabler
6617c4dc96fb1df60617a43f,271,Avictor Mattei,amattei7i@dyndns.org,vh@8x,user,314 959 4444,intern
6617c4dc96fb1df60617a440,272,Raffarty Couroy,rcouroy7j@cpanel.net,byLa,user,941 277 8699,enabler
6617c4dc96fb1df60617a441,273,Susie Boylund,sboylund7k@nps.gov,ip@y,user,137 439 4758,enabler
6617c4dc96fb1df60617a442,274,Jere Ballingal,jballingal7l@washington.edu,jfsbdv,user,347 144 0493,data engineer
6617c4dc96fb1df60617a443,275,Hanni Nono,hnono7m@amazonaws.com,so_F,user,933 675 2376,consultant
6617c4dc96fb1df60617a444,276,Lorrie Beavan,lbeavan7n@photobucket.com,kg`sR8,user,558 111 9213,analyst
6617c4dc96fb1df60617a445,277,Tresa Gorke,tgorke7o@economist.com,"qjJ""6",user,652 824 2083,consultant
6617c4dc96fb1df60617a446,278,Lelah Klimpt,lklimpt7p@wunderground.com,oc*cb,user,894 244 4515,software engineer
6617c4dc96fb1df60617a447,279,Ora Clutton,oclutton7q@example.com,kk),user,801 772 3953,intern
6617c4dc96fb1df60617a448,280,Adela Harrowell,aharrowell7r@constantcontact.com,wbe,user,972 525 5751,data engineer
6617c4dc96fb1df60617a449,281,Rebeka Chesher,rchesher7s@google.nl,bhIw,user,791 737 1479,software engineer
6617c4dc96fb1df60617a44a,282,Bernardina Laflin,blaflin7t@google.de,oh*El7,user,252 616 6782,data engineer
6617c4dc96fb1df60617a44b,283,Tadeas Winfindine,twinfindine7u@hugedomains.com,al>Y,user,368 583 4844,consultant
6617c4dc96fb1df60617a44c,284,Meris Josey,mjosey7v@moonfruit.com,usY,user,633 297 1551,architect
6617c4dc96fb1df60617a44d,285,Fletcher Pawley,fpawley7w@go.com,cw?.|.,user,204 386 7806,consultant
6617c4dc96fb1df60617a44e,286,Aloin O'Hare,aohare7x@mediafire.com,uq+*Py,user,163 238 5137,consultant
6617c4dc96fb1df60617a44f,287,Brande Grosier,bgrosier7y@youtu.be,sxgb%,user,754 446 1000,software engineer
6617c4dc96fb1df60617a450,288,Lonny Milington,lmilington7z@eepurl.com,tgkkM,user,990 446 2817,consultant
6617c4dc96fb1df60617a451,289,Estevan Janowski,ejanowski80@e-recht24.de,lmR~Tx,user,405 979 4566,architect
6617c4dc96fb1df60617a452,290,Gilburt Uden,guden81@mit.edu,sk2y,user,846 670 0391,consultant
6617c4dc96fb1df60617a453,291,Maddalena Skoate,mskoate82@redcross.org,qaP,user,610 606 8696,architect
6617c4dd96fb1df60617a454,292,Jone Ruttgers,jruttgers83@indiegogo.com,mj(},user,763 200 9171,software engineer
6617c4dd96fb1df60617a455,293,Claudie Britee,cbritee84@woothemes.com,akGZ,user,632 394 2646,consultant
6617c4dd96fb1df60617a456,294,Stephannie Donahue,sdonahue85@furl.net,daO,user,501 195 0598,consultant
6617c4dd96fb1df60617a457,295,Hilliary Moyser,hmoyser86@tamu.edu,yuPpsg,user,330 287 0380,consultant
6617c4dd96fb1df60617a458,296,Sandor Casaro,scasaro87@ca.gov,mv`d,admin,565 791 7666,analyst
6617c4dd96fb1df60617a459,297,Wells Salzen,wsalzen88@issuu.com,dlrOG,user,118 939 5029,analyst
6617c4dd96fb1df60617a45a,298,Cedric Stickings,cstickings89@pen.io,sz=TgP,user,578 942 1253,software engineer
6617c4dd96fb1df60617a45b,299,Hubert Stammers,hstammers8a@cargocollective.com,zt7X,user,766 616 7736,intern
6617c4dd96fb1df60617a45c,300,Glory Whitsey,gwhitsey8b@tamu.edu,nqt,user,989 510 8561,analyst
6617c4dd96fb1df60617a45d,301,Claudette MacKilroe,cmackilroe8c@alexa.com,vyWD,user,834 739 8419,analyst
6617c4dd96fb1df60617a45e,302,Gaspar Cottingham,gcottingham8d@sina.com.cn,ur/E,user,414 768 1873,consultant
6617c4dd96fb1df60617a45f,303,Carlota Gehring,cgehring8e@wired.com,mk}H7,user,290 271 3822,software engineer
6617c4dd96fb1df60617a460,304,Ferdinand Trollope,ftrollope8f@virginia.edu,msml'X,user,589 314 9800,consultant
6617c4dd96fb1df60617a461,305,Vincenz Rushford,vrushford8g@google.com,ghI,user,249 104 5459,analyst
6617c4dd96fb1df60617a462,306,Collette Garza,cgarza8h@over-blog.com,flnW5,user,852 903 4930,analyst
6617c4dd96fb1df60617a463,307,Donall Duplan,dduplan8i@flavors.me,ijta,user,858 701 5141,consultant
6617c4dd96fb1df60617a464,308,Harald Machent,hmachent8j@washingtonpost.com,ot=,user,891 113 5789,architect
6617c4dd96fb1df60617a465,309,Zaneta Thys,zthys8k@icq.com,uqJ,user,945 194 8966,intern
6617c4dd96fb1df60617a466,310,Boris Confait,bconfait8l@kickstarter.com,eu@,user,923 374 5947,analyst
6617c4dd96fb1df60617a467,311,Valeda Prescote,vprescote8m@blog.com,ttOP_,user,535 451 0389,intern
6617c4dd96fb1df60617a468,312,Rhetta Walsham,rwalsham8n@seattletimes.com,ib},user,618 569 9857,consultant
6617c4dd96fb1df60617a469,313,Tobe Halwood,thalwood8o@guardian.co.uk,ssPCj_,user,525 943 7737,consultant
6617c4dd96fb1df60617a46a,314,Aprilette Oswal,aoswal8p@ocn.ne.jp,fw@gs,user,995 446 4295,consultant
6617c4dd96fb1df60617a46b,315,Reggi Redington,rredington8q@whitehouse.gov,glEqG\,user,133 237 9119,intern
6617c4dd96fb1df60617a46c,316,Jennifer Lipscombe,jlipscombe8r@squidoo.com,wrq$!,user,294 123 5138,consultant
6617c4dd96fb1df60617a46d,317,Henrietta Neagle,hneagle8s@chronoengine.com,bcyL,user,725 587 2438,analyst
6617c4de96fb1df60617a46e,318,Irvin Dispencer,idispencer8t@jigsy.com,ygM$?4,user,677 620 2065,data engineer
6617c4de96fb1df60617a46f,319,Scot Mercik,smercik8u@yale.edu,mt5Q,user,708 426 6853,software engineer
6617c4de96fb1df60617a470,320,Chastity Olenchenko,colenchenko8v@ucsd.edu,ubAG.|,user,115 481 5692,intern
6617c4de96fb1df60617a471,321,Jack Emmens,jemmens8w@360.cn,fyS,user,716 408 6228,analyst
6617c4de96fb1df60617a472,322,Asher Gumey,agumey8x@bandcamp.com,bny,user,610 273 4678,analyst
6617c4de96fb1df60617a473,323,Ernest Ducket,educket8y@dmoz.org,jnO,user,771 609 3591,intern
6617c4de96fb1df60617a474,324,Ailsun Curtoys,acurtoys8z@prlog.org,tkrb,user,759 585 1116,data engineer
6617c4de96fb1df60617a475,325,Joeann Lannin,jlannin90@wp.com,xlpA,user,726 524 3739,analyst
6617c4de96fb1df60617a476,326,Evelin Besset,ebesset91@fc2.com,zbeGa',user,700 892 2710,consultant
6617c4de96fb1df60617a477,327,Verge Walsham,vwalsham92@soundcloud.com,yby,user,961 694 5270,consultant
6617c4de96fb1df60617a478,328,Far Jurkowski,fjurkowski93@bbc.co.uk,qka,user,826 468 7463,enabler
6617c4de96fb1df60617a479,329,De Briers,dbriers94@desdev.cn,hv0r,user,322 893 2466,data engineer
6617c4de96fb1df60617a47a,330,Miner Circuitt,mcircuitt95@census.gov,ez46Q#,user,681 865 1517,enabler
6617c4de96fb1df60617a47b,331,Maribelle Wylder,mwylder96@bloglovin.com,ft+2u,user,552 981 2974,data engineer
6617c4de96fb1df60617a47c,332,Caroline Cockhill,ccockhill97@japanpost.jp,dt2,user,587 694 1740,enabler
6617c4de96fb1df60617a47d,333,Brose Prisk,bprisk98@github.com,rg/,admin,531 799 0703,enabler
6617c4de96fb1df60617a47e,334,Ginnifer Laxston,glaxston99@rediff.com,evFwT,user,672 328 8745,consultant
6617c4de96fb1df60617a47f,335,Karissa Dayes,kdayes9a@soup.io,bqn(,user,856 409 3771,enabler
6617c4de96fb1df60617a480,336,Nowell Lockitt,nlockitt9b@storify.com,wkSgx,user,301 511 8069,architect
6617c4de96fb1df60617a481,337,Rodolph Helliker,rhelliker9c@addtoany.com,sg)E!,user,766 658 4422,data engineer
6617c4de96fb1df60617a482,338,Modestine Vinau,mvinau9d@nps.gov,"sx""",user,858 738 8314,data engineer
6617c4de96fb1df60617a483,339,Gerardo Longmead,glongmead9e@1688.com,ita{,user,998 623 3995,enabler
6617c4de96fb1df60617a484,340,Franny Hurtic,fhurtic9f@prweb.com,ny_,user,211 133 0383,analyst
6617c4de96fb1df60617a485,341,Marshall Hadland,mhadland9g@weibo.com,ab=|,user,951 647 7006,enabler
6617c4de96fb1df60617a486,342,Clo Jeal,cjeal9h@scientificamerican.com,ld\P~|,user,620 587 7541,analyst
6617c4de96fb1df60617a487,343,Shauna Spurden,sspurden9i@amazon.co.uk,nz.d2,user,968 460 8522,enabler
6617c4de96fb1df60617a488,344,Thedric Danforth,tdanforth9j@ow.ly,vlO,user,370 894 7655,enabler
6617c4de96fb1df60617a489,345,Juana Ivoshin,jivoshin9k@aol.com,"aqUz,",user,174 428 0322,architect
6617c4de96fb1df60617a48a,346,Alon VanBrugh,avanbrugh9l@fema.gov,fk4&Tb,user,193 235 3021,software engineer
6617c4de96fb1df60617a48b,347,Aura Tuffey,atuffey9m@ucoz.ru,jo>,user,236 539 4620,architect
6617c4df96fb1df60617a48c,348,Carney Mendoza,cmendoza9n@icio.us,errFq,user,757 572 6353,software engineer
6617c4df96fb1df60617a48d,349,Magdalena Cheeney,mcheeney9o@freewebs.com,mg#,user,909 137 1550,consultant
6617c4df96fb1df60617a48e,350,Frederik Beurich,fbeurich9p@uol.com.br,fpIx+$,user,840 574 7180,data engineer
6617c4df96fb1df60617a48f,351,Dewie Alwell,dalwell9q@army.mil,ywN,user,784 239 4567,analyst
6617c4df96fb1df60617a490,352,Emilee Grouen,egrouen9r@home.pl,ac>!#,user,751 663 4800,consultant
6617c4df96fb1df60617a491,353,Brigitte Fifield,bfifield9s@bluehost.com,op5|h+,user,934 795 5277,architect
6617c4df96fb1df60617a492,354,Tuck Robberecht,trobberecht9t@woothemes.com,vx/9,user,542 360 5998,architect
6617c4df96fb1df60617a493,355,Abbey Letten,aletten9u@noaa.gov,vgAf,user,987 329 8541,analyst
6617c4df96fb1df60617a494,356,Erek Gobolos,egobolos9v@slideshare.net,id&,user,188 194 2969,analyst
6617c4df96fb1df60617a495,357,Cherianne Constant,cconstant9w@dell.com,cq?.,user,472 806 8468,software engineer
6617c4df96fb1df60617a496,358,Mel Skeeles,mskeeles9x@bandcamp.com,rp{,user,243 113 7347,consultant
6617c4df96fb1df60617a497,359,Irwin Kelberer,ikelberer9y@nasa.gov,kl?+!I,user,833 988 5244,architect
6617c4df96fb1df60617a498,360,Phillie Presnell,ppresnell9z@google.nl,qtCD2,user,470 948 7561,consultant
6617c4df96fb1df60617a499,361,Simeon Pollastrone,spollastronea0@washingtonpost.com,"kj""'",user,857 941 9998,architect
6617c4df96fb1df60617a49a,362,Thorin Swaffield,tswaffielda1@goodreads.com,vpT,user,209 967 9070,software engineer
6617c4df96fb1df60617a49b,363,Curtis Balmann,cbalmanna2@wsj.com,pj)6$I,user,464 880 4370,software engineer
6617c4df96fb1df60617a49c,364,Darnall Straker,dstrakera3@nba.com,xoV'oG,user,605 355 7821,analyst
6617c4df96fb1df60617a49d,365,Susette Malitrott,smalitrotta4@smugmug.com,sib,user,869 533 4694,data engineer
6617c4df96fb1df60617a49e,366,Eartha Cruikshanks,ecruikshanksa5@google.co.uk,fwY=4,user,284 195 8874,enabler
6617c4df96fb1df60617a49f,367,Jacqui Stading,jstadinga6@wsj.com,ifGx8,user,758 664 1265,enabler
6617c4df96fb1df60617a4a0,368,Mathew Carlile,mcarlilea7@aol.com,zaV3e,user,759 111 8104,enabler
6617c4df96fb1df60617a4a1,369,Katleen Confait,kconfaita8@blinklist.com,wi|o$,user,368 433 1406,analyst
6617c4df96fb1df60617a4a2,370,Lincoln Derle,lderlea9@shop-pro.jp,baA2,user,894 337 2434,architect
6617c4df96fb1df60617a4a3,371,Thorin Stuchbery,tstuchberyaa@paginegialle.it,nyx.,user,841 906 2812,intern
6617c4df96fb1df60617a4a4,372,Ira Lodwig,ilodwigab@admin.ch,dx_jEW,user,437 742 1866,analyst
6617c4df96fb1df60617a4a5,373,Linn Elph,lelphac@over-blog.com,egF8*`,user,609 569 8201,architect
6617c4df96fb1df60617a4a6,374,Eada Cruden,ecrudenad@columbia.edu,pl=d6,user,220 106 2639,enabler
6617c4df96fb1df60617a4a7,375,Cull Alton,caltonae@prweb.com,anDOQ,user,664 710 5301,software engineer
6617c4df96fb1df60617a4a8,376,Nehemiah Golde,ngoldeaf@yellowpages.com,rxa,user,177 399 2349,analyst
6617c4df96fb1df60617a4a9,377,Henrik Claris,hclarisag@shutterfly.com,mb&Skz,user,427 575 3539,data engineer
6617c4df96fb1df60617a4aa,378,Maxie Pesterfield,mpesterfieldah@google.es,qq_`$,admin,817 940 4858,enabler
6617c4e096fb1df60617a4ab,379,Nicki Chatburn,nchatburnai@hhs.gov,kbu|i,user,661 229 2193,data engineer
6617c4e096fb1df60617a4ac,380,Laura Strangeway,lstrangewayaj@dailymail.co.uk,jmxt,user,155 286 4188,software engineer
6617c4e096fb1df60617a4ad,381,Raymond McPaike,rmcpaikeak@csmonitor.com,vz%<,user,958 199 0438,consultant
6617c4e096fb1df60617a4ae,382,Scotti Rebert,srebertal@chron.com,xs\,user,528 989 6433,intern
6617c4e096fb1df60617a4af,383,Flinn Lyons,flyonsam@skype.com,qwbUSV,user,123 231 6087,consultant
6617c4e096fb1df60617a4b0,384,Brigham Dahlberg,bdahlbergan@mail.ru,aeZL5(,user,404 299 8796,architect
6617c4e096fb1df60617a4b1,385,Patsy Gallaher,pgallaherao@scribd.com,jkjvLf,user,270 780 6132,architect
6617c4e096fb1df60617a4b2,386,Alika Elesander,aelesanderap@usda.gov,tmWB$,user,770 598 2469,data engineer
6617c4e096fb1df60617a4b3,387,Georgianne Hawtry,ghawtryaq@istockphoto.com,tmI>,user,202 624 4888,data engineer
6617c4e096fb1df60617a4b4,388,Gawen Rosle,groslear@aboutads.info,wav,user,754 701 8403,data engineer
6617c4e096fb1df60617a4b5,389,Carie Apedaile,capedaileas@epa.gov,kes@'#,user,220 916 8530,architect
6617c4e096fb1df60617a4b6,390,Gena Patesel,gpateselat@live.com,lp3h|,user,139 112 5677,data engineer
6617c4e096fb1df60617a4b7,391,Maynord Blainey,mblaineyau@chron.com,mb`,user,845 126 6013,architect
6617c4e096fb1df60617a4b8,392,Paten MacGragh,pmacgraghav@discovery.com,"kk""#s=",user,108 784 1759,enabler
6617c4e096fb1df60617a4b9,393,Rooney Bardsley,rbardsleyaw@mediafire.com,zlH',user,742 778 3776,software engineer
6617c4e096fb1df60617a4ba,394,Hasheem Paten,hpatenax@gov.uk,iha2%,user,822 239 6353,architect
6617c4e096fb1df60617a4bb,395,Sandi Mouton,smoutonay@booking.com,da_,user,510 843 1877,architect
6617c4e096fb1df60617a4bc,396,Ahmed Collman,acollmanaz@theguardian.com,xp@f4,user,715 380 7511,enabler
6617c4e096fb1df60617a4bd,397,Sutherlan Di Domenico,sdib0@buzzfeed.com,kv<P+C,user,108 768 6330,consultant
6617c4e096fb1df60617a4be,398,Cam Barnham,cbarnhamb1@linkedin.com,sn)i'`,user,446 896 7467,enabler
6617c4e096fb1df60617a4bf,399,Donovan Monan,dmonanb2@smh.com.au,pdHagS,user,607 956 8648,architect
6617c4e096fb1df60617a4c0,400,Darell Bossingham,dbossinghamb3@nyu.edu,"yw""W",user,242 177 9517,enabler
6617c4e096fb1df60617a4c1,401,Veronica Tunnow,vtunnowb4@omniture.com,xx`XH,user,562 170 2476,enabler
6617c4e096fb1df60617a4c2,402,Johna Colegrove,jcolegroveb5@amazonaws.com,ry0,user,674 284 2154,consultant
6617c4e096fb1df60617a4c3,403,Otes Snellman,osnellmanb6@furl.net,pz_s,user,145 137 6421,intern
6617c4e096fb1df60617a4c4,404,Editha Scuse,escuseb7@soundcloud.com,zj\,user,852 591 7769,intern
6617c4e096fb1df60617a4c5,405,Paten Dutson,pdutsonb8@house.gov,exfcU,user,211 668 8296,architect
6617c4e096fb1df60617a4c6,406,Catherin Coomer,ccoomerb9@mozilla.com,gkC.w,admin,839 222 1798,consultant
6617c4e096fb1df60617a4c7,407,Beverie Glasner,bglasnerba@google.es,"nzqp""",user,714 856 4680,software engineer
6617c4e096fb1df60617a4c8,408,Mignon Featherstonehaugh,mfeatherstonehaughbb@slashdot.org,wsB2,user,519 779 3478,software engineer
6617c4e096fb1df60617a4c9,409,Wanids McKea,wmckeabc@vinaora.com,jgZj,user,898 809 0358,consultant
6617c4e096fb1df60617a4ca,410,Hermina Kirmond,hkirmondbd@cmu.edu,iiwe,user,642 601 6375,consultant
6617c4e196fb1df60617a4cb,411,Jaymie Gartin,jgartinbe@yahoo.co.jp,nqBmv,user,577 612 6735,data engineer
6617c4e196fb1df60617a4cc,412,Chandler Lettuce,clettucebf@home.pl,bvCs#,user,282 381 0007,enabler
6617c4e196fb1df60617a4cd,413,Celine Netherwood,cnetherwoodbg@over-blog.com,lz_$,user,844 328 8632,data engineer
6617c4e196fb1df60617a4ce,414,Mechelle Darragon,mdarragonbh@yale.edu,af0q1,user,491 290 5757,data engineer
6617c4e196fb1df60617a4cf,415,Emmeline Adnams,eadnamsbi@mozilla.org,japp|,admin,241 125 7788,software engineer
6617c4e196fb1df60617a4d0,416,Lavinie Finley,lfinleybj@addthis.com,te6).,user,317 450 8563,analyst
6617c4e196fb1df60617a4d1,417,Belicia Khristoforov,bkhristoforovbk@blinklist.com,pa+c,user,717 794 7746,software engineer
6617c4e196fb1df60617a4d2,418,Natty Skade,nskadebl@bbc.co.uk,su$V,user,200 908 3321,consultant
6617c4e196fb1df60617a4d3,419,Zelda Tomeo,ztomeobm@japanpost.jp,suayR8,user,158 645 5291,architect
6617c4e196fb1df60617a4d4,420,Amabelle Burth,aburthbn@shop-pro.jp,qi|L,user,913 695 2061,consultant
6617c4e196fb1df60617a4d5,421,Caryl Denisard,cdenisardbo@geocities.com,be=,user,203 731 3201,architect
6617c4e196fb1df60617a4d6,422,Randene Whether,rwhetherbp@discovery.com,yoG7AV,user,709 171 5339,intern
6617c4e196fb1df60617a4d7,423,Del Semor,dsemorbq@prnewswire.com,op*,user,833 599 5350,intern
6617c4e196fb1df60617a4d8,424,Orion Downing,odowningbr@europa.eu,dz#n,user,976 464 5766,analyst
6617c4e196fb1df60617a4d9,425,Dermot Kennefick,dkennefickbs@sphinn.com,zmf,user,357 784 7025,analyst
6617c4e196fb1df60617a4da,426,Kerr Scibsey,kscibseybt@google.com.hk,rw~G@},user,771 859 4147,data engineer
6617c4e196fb1df60617a4db,427,Darrell Brickstock,dbrickstockbu@phpbb.com,mmLkun,user,594 844 0415,data engineer
6617c4e196fb1df60617a4dc,428,Cornie Jacketts,cjackettsbv@hud.gov,xf#,user,160 350 1347,analyst
6617c4e196fb1df60617a4dd,429,Thedrick Chastang,tchastangbw@ustream.tv,zd<%>,user,665 605 7403,consultant
6617c4e196fb1df60617a4de,430,Shantee Camilleri,scamilleribx@infoseek.co.jp,xcL9,user,245 226 0706,data engineer
6617c4e196fb1df60617a4df,431,Findlay Firminger,ffirmingerby@cbc.ca,owqE,admin,185 244 6407,analyst
6617c4e196fb1df60617a4e0,432,Leia Roderigo,lroderigobz@redcross.org,jmam,user,990 910 9206,software engineer
6617c4e196fb1df60617a4e1,433,Orran Benardette,obenardettec0@harvard.edu,gvg<\T,user,498 305 2612,architect
6617c4e196fb1df60617a4e2,434,Alexandros Morrow,amorrowc1@hhs.gov,"lc,G",user,516 688 1673,intern
6617c4e196fb1df60617a4e3,435,Tonia Zavattero,tzavatteroc2@pagesperso-orange.fr,rv2,user,868 217 0276,intern
6617c4e196fb1df60617a4e4,436,Annabal Daniel,adanielc3@nydailynews.com,lvP,user,570 338 1824,software engineer
6617c4e196fb1df60617a4e5,437,Diena Tamas,dtamasc4@wikimedia.org,hbB,user,910 551 6292,consultant
6617c4e196fb1df60617a4e6,438,Nicolette Campa,ncampac5@tinyurl.com,fuF%,user,150 427 6406,intern
6617c4e196fb1df60617a4e7,439,Whittaker Ollcott,wollcottc6@sciencedirect.com,ubt~,user,170 366 5241,software engineer
6617c4e196fb1df60617a4e8,440,Sisely Caskey,scaskeyc7@w3.org,clo,user,814 711 2377,data engineer
6617c4e196fb1df60617a4e9,441,Othilia Woollett,owoollettc8@usda.gov,rm.,user,309 962 9110,analyst
6617c4e196fb1df60617a4ea,442,Humphrey Bernardos,hbernardosc9@theglobeandmail.com,ppX,user,148 474 5948,data engineer
6617c4e296fb1df60617a4eb,443,Danni Itzchaki,ditzchakica@mozilla.com,dmVNt,user,633 536 7629,intern
6617c4e296fb1df60617a4ec,444,Sofia Andrassy,sandrassycb@ow.ly,ppS<,user,718 829 6553,analyst
6617c4e296fb1df60617a4ed,445,Forrester Algate,falgatecc@tinyurl.com,akNl,user,217 857 7536,data engineer
6617c4e296fb1df60617a4ee,446,Eadmund Schole,escholecd@ucla.edu,lxbF5?,user,847 203 1023,architect
6617c4e296fb1df60617a4ef,447,Liana Berre,lberrece@parallels.com,ntmn,user,598 666 9080,intern
6617c4e296fb1df60617a4f0,448,Ernest Manshaw,emanshawcf@washingtonpost.com,loX8'1,user,813 801 4167,consultant
6617c4e296fb1df60617a4f1,449,Helen Muzzlewhite,hmuzzlewhitecg@un.org,rgF,user,297 189 4809,architect
6617c4e296fb1df60617a4f2,450,Craig Raft,craftch@cloudflare.com,ouOWM,user,817 902 5009,intern
6617c4e296fb1df60617a4f3,451,Keeley Brownjohn,kbrownjohnci@washingtonpost.com,gf)DE,user,414 375 6368,analyst
6617c4e296fb1df60617a4f4,452,Corbie Pillman,cpillmancj@posterous.com,"il84""t",user,719 964 9916,data engineer
6617c4e296fb1df60617a4f5,453,Sly Ashbee,sashbeeck@webeden.co.uk,ro.!,user,626 322 2521,consultant
6617c4e296fb1df60617a4f6,454,Jilly Bingham,jbinghamcl@nih.gov,od_k8,user,785 213 0915,analyst
6617c4e296fb1df60617a4f7,455,Maynord Sneezem,msneezemcm@auda.org.au,qt(j,user,316 986 8953,software engineer
6617c4e296fb1df60617a4f8,456,Deanne Pretty,dprettycn@ovh.net,umw,user,241 680 6650,enabler
6617c4e296fb1df60617a4f9,457,Clareta Brushfield,cbrushfieldco@dagondesign.com,uy_,user,346 514 0429,consultant
6617c4e296fb1df60617a4fa,458,Ashlen Jacson,ajacsoncp@quantcast.com,ry0g4,user,436 897 5712,architect
6617c4e296fb1df60617a4fb,459,Lucian Bithell,lbithellcq@ihg.com,cgjjD`,user,586 333 4936,software engineer
6617c4e296fb1df60617a4fc,460,Henrik Houson,hhousoncr@dyndns.org,ryI,user,887 877 8287,analyst
6617c4e296fb1df60617a4fd,461,Franzen Hoff,fhoffcs@ifeng.com,daT,user,304 619 6832,architect
6617c4e296fb1df60617a4fe,462,Becka Schenfisch,bschenfischct@businessweek.com,egB,user,213 135 7914,enabler
6617c4e296fb1df60617a4ff,463,Pasquale Petrie,ppetriecu@yahoo.com,jaQPK,user,201 436 4545,architect
6617c4e296fb1df60617a500,464,Suzann Bacchus,sbacchuscv@cloudflare.com,hm5,user,196 740 5103,intern
6617c4e296fb1df60617a501,465,Jeniffer Lillywhite,jlillywhitecw@netvibes.com,"rf*,",user,451 790 8836,enabler
6617c4e296fb1df60617a502,466,Jana Boyford,jboyfordcx@studiopress.com,nqfh,user,420 183 5426,data engineer
6617c4e296fb1df60617a503,467,Aubry Arnould,aarnouldcy@facebook.com,sjqm7,user,621 907 4089,consultant
6617c4e296fb1df60617a504,468,Timofei Riddel,triddelcz@squidoo.com,ecXv,user,207 998 8733,software engineer
6617c4e296fb1df60617a505,469,Tabitha Python,tpythond0@npr.org,kg4,user,422 720 9879,software engineer
6617c4e296fb1df60617a506,470,Erika Whisby,ewhisbyd1@businesswire.com,ti=,user,696 795 5967,consultant
6617c4e296fb1df60617a507,471,Maria Bragginton,mbraggintond2@google.com.br,fh+kS,user,731 648 2578,enabler
6617c4e296fb1df60617a508,472,Duff Meese,dmeesed3@sfgate.com,rm%,user,846 889 4608,intern
6617c4e296fb1df60617a509,473,Jeanna Laight,jlaightd4@cocolog-nifty.com,"vt,",user,743 634 9249,analyst
6617c4e396fb1df60617a50a,474,Monty Macon,mmacond5@topsy.com,kmS8/,user,245 947 1888,enabler
6617c4e396fb1df60617a50b,475,Ramsay Catonnet,rcatonnetd6@alibaba.com,yo(8,admin,191 141 1522,architect
6617c4e396fb1df60617a50c,476,Bernardo Atwood,batwoodd7@nationalgeographic.com,laZTFm,user,557 864 4243,data engineer
6617c4e396fb1df60617a50d,477,Mannie Challiner,mchallinerd8@yandex.ru,ann,user,126 407 7434,data engineer
6617c4e396fb1df60617a50e,478,Kinsley O'Halloran,kohallorand9@cdc.gov,fkymf,user,635 828 0910,enabler
6617c4e396fb1df60617a50f,479,Theresa Robardley,trobardleyda@census.gov,wlO'{=,admin,189 202 6796,data engineer
6617c4e396fb1df60617a510,480,Ashely Doig,adoigdb@gov.uk,xz2Q,user,337 362 1576,consultant
6617c4e396fb1df60617a511,481,Lombard Quantick,lquantickdc@netvibes.com,osqp(,user,873 709 1173,consultant
6617c4e396fb1df60617a512,482,Pietro O'Cassidy,pocassidydd@delicious.com,mbS?=,user,521 274 8338,data engineer
6617c4e396fb1df60617a513,483,Adan Farress,afarressde@soup.io,nk(i|B,user,425 863 6373,consultant
6617c4e396fb1df60617a514,484,Selig MacInerney,smacinerneydf@upenn.edu,lg5,user,953 764 1195,architect
6617c4e396fb1df60617a515,485,Alicea Lintott,alintottdg@soundcloud.com,"zn""",user,862 155 9712,intern
6617c4e396fb1df60617a516,486,Delila Batalle,dbatalledh@businessinsider.com,cxb,user,472 376 2950,consultant
6617c4e396fb1df60617a517,487,Misty Edgworth,medgworthdi@hibu.com,qu',user,554 322 2487,software engineer
6617c4e396fb1df60617a518,488,Kenny Wyson,kwysondj@kickstarter.com,"ds,qM",user,398 610 4615,consultant
6617c4e396fb1df60617a519,489,Rip Alkins,ralkinsdk@biblegateway.com,eq%BMC,user,299 991 0137,analyst
6617c4e396fb1df60617a51a,490,Gustie Howroyd,ghowroyddl@forbes.com,pdnvU?,user,179 437 8925,analyst
6617c4e396fb1df60617a51b,491,Maury Coghlin,mcoghlindm@economist.com,luy&,admin,945 166 8917,analyst
6617c4e396fb1df60617a51c,492,Sydelle Abbatini,sabbatinidn@marketwatch.com,juxbC,admin,155 727 0173,software engineer
6617c4e396fb1df60617a51d,493,Walsh Lunny,wlunnydo@webmd.com,rd(,user,267 329 8698,analyst
6617c4e396fb1df60617a51e,494,Uriel Point,upointdp@cpanel.net,lm7,user,470 942 2852,software engineer
6617c4e396fb1df60617a51f,495,Flossy Nehl,fnehldq@over-blog.com,rlj),user,960 995 4488,data engineer
6617c4e396fb1df60617a520,496,Anthia Beddin,abeddindr@tiny.cc,zhq2s7,user,664 399 3311,software engineer
6617c4e396fb1df60617a521,497,Cobby Stoop,cstoopds@businesswire.com,oq_,user,910 240 1432,consultant
6617c4e396fb1df60617a522,498,Smitty Pragnall,spragnalldt@toplist.cz,rtZF,user,305 485 0850,analyst
6617c4e396fb1df60617a523,499,Spike Maile,smailedu@digg.com,diE&JS,user,656 599 1230,enabler
6617c4e396fb1df60617a524,500,Baxie Yeoland,byeolanddv@ft.com,lip,user,481 961 5265,data engineer
